ID,CODE,VALID_FROM,VALID_UNTIL,SNAME,LNAME
1000496,MDCR,1/1/1970,1/1/2036,682,Meridian call-n-Ride
1000497,NICR,1/1/1970,1/1/2036,683,North Inverness call-n-Ride
30,30,1/1/1970,1/1/2036,30,South Federal Blvd
31,31,1/1/1970,1/1/2036,31,Federal Blvd
228,228,1/1/1970,1/1/2036,228,Louisville / Broomfield
32,32,1/1/1970,1/1/2036,32,West 32nd Avenue / City Park
34,34,1/1/1970,4/24/2016,34,Platte Industrial
35,35,1/1/1970,1/1/2036,35,Hampden Avenue
36,36,1/1/1970,1/1/2036,36,Fort Logan
38,38,1/1/1970,4/24/2016,38,38th Avenue
1000498,2X,1/1/1970,1/1/2036,502,Morrison Express
1000499,FHCR,1/1/1970,1/1/2036,693,Federal Heights Call-n-Ride
1000500,3L,1/1/1970,1/1/2036,503,East Alameda Limited
1000501,HRCR,1/1/1970,1/1/2036,677,Highlands Ranch call-n-Ride
40,40,1/1/1970,1/1/2036,40,Colorado Boulevard
1000502,US85,1/1/1970,10/6/2012,814,US85 & Bridge St. pnR
43,43,1/1/1970,4/24/2016,43,MLK Blvd / Gateway
44,44,1/1/1970,1/1/2036,44,44th Avenue
1000503,BMCR,1/1/1970,1/1/2036,672,Broomfield call-n-Ride
45,45,1/1/1970,4/24/2016,45,Montbello / Green Valley Ranch
46,46,1/1/1970,1/1/2036,446,South Dahlia
48,48,1/1/1970,1/1/2036,48,East 48th Avenue / Commerce City
1000504,80X,1/1/1970,1/1/2036,580,West 80th Express
1000505,ILCR,1/1/1970,1/1/2036,678,Interlocken call-n-Ride
1000506,FTLX,1/1/1970,1/1/2036,95,First Transit Loop Extra
1000507,AA,1/1/1970,8/14/2016,504,Wagon Road / DIA
1000508,AB,1/1/1970,8/27/2017,357,Boulder / DIA
0,0,1/1/1970,1/1/2036,400,South Broadway
1000509,PKCR,1/1/1970,1/1/2036,686,Parker call-n-Ride
1,1,1/1/1970,8/16/2015,1,West 1st Avenue
1000510,AF,1/1/1970,4/28/2013,519,Federal Center / Downtown / DIA
3,3,1/1/1970,1/1/2036,3,Alameda Avenue
6,6,1/1/1970,4/24/2016,6,East 6th Avenue / North Pecos
8,8,1/1/1970,1/1/2036,8,North Broadway / Huron
9,9,1/1/1970,1/1/2036,9,West 10th Avenue
1000511,BNLX,1/1/1970,9/7/2012,824,Bronco Northern Loop Extra
1000512,AS,1/1/1970,8/16/2015,526,Stapleton / DIA
51,51,1/1/1970,1/1/2036,51,Sheridan Blvd
1000513,AT,1/1/1970,8/27/2017,521,Arapahoe County / DIA
1000514,SKIP,1/1/1970,1/1/2036,202,Broadway
52,52,1/1/1970,1/1/2036,52,W 52nd Avenue / South Bannock
1000515,B,1/1/1970,1/1/2036,340,Boulder / Denver
54,54,1/1/1970,1/1/2036,54,Montbello Industrial Park
1000516,WAGN,1/1/1970,10/6/2012,816,Wagon Road/Thornton pnR
59,59,1/1/1970,1/1/2036,59,West Bowles
1000517,J,1/1/1970,1/1/2036,343,Longmont / East Boulder / CU
1000518,47X,1/1/1970,1/1/2036,547,Green Valley Ranch/Montbello Exp
1000519,L,1/1/1970,1/1/2036,355,Longmont / Denver
1000520,N,1/1/1970,1/1/2036,361,Nederland / Boulder
1000521,P,1/1/1970,1/1/2036,557,Parker / Denver
1000522,R,1/1/1970,1/1/2036,546,Brighton / Denver
1000523,S,1/1/1970,8/16/2015,322,Denver / East Boulder
1000524,T,1/1/1970,1/1/2036,365,Boulder / Greenwood Plaza
1000525,Y,1/1/1970,1/1/2036,360,Lyons / Boulder
1000526,LSCR,1/1/1970,1/1/2036,681,Louisville call-n-Ride
1000527,EVGN,1/1/1970,8/20/2016,805,Evergreen/El Rancho pnR
65,65,1/1/1970,1/1/2036,65,Monaco Parkway
66,66,1/1/1970,1/1/2036,66,Arapahoe Road
1000528,VTLX,1/1/1970,1/1/2036,94,Veolia Loop Extra
67,67,1/1/1970,1/1/2036,67,Ridge Road
1000529,5X,1/1/1970,1/1/2036,505,Federal Center Express
1000530,30L,1/1/1970,1/1/2036,91,South Federal Limited
1000531,DRCK,1/1/1970,8/20/2016,803,Dry Creek/University
1000532,DRCR,1/1/1970,1/1/2036,674,Dry Creek call-n-Ride
1000533,83L,1/1/1970,1/1/2036,83,Cherry Creek / Parker Rd Limited
1000534,JUMP,1/1/1970,1/1/2036,230,Boulder / Lafayette via Arapahoe
72,72,1/1/1970,1/1/2036,72,72nd Avenue
73,73,1/1/1970,1/1/2036,73,Quebec Street
1000535,CV,1/1/1970,1/1/2036,545,Pine Junction / Conifer / Denver
76,76,1/1/1970,1/1/2036,76,Wadsworth Blvd
77,77,1/1/1970,6/11/2012,77,Ken Caryl Ave
1000536,OLDE,1/1/1970,8/20/2016,810,Olde Town Arvada pnR
1000537,6X,1/1/1970,1/1/2036,506,Federal Center/ I-25 & Broadway
1000538,MSS,1/1/1970,9/7/2012,820,Market Street Station
1000539,HAVA,1/1/1970,9/7/2012,806,Havana/Alameda pnR
1000540,DASH,1/1/1970,1/1/2036,232,Boulder / Lafayette via Louisville
1000541,DB,1/1/1970,1/1/2036,339,Driver Bus - NOG MOG
1000542,SMOR,1/1/1970,1/1/2036,812,Southmoor Station
1000543,DD,1/1/1970,1/1/2036,358,Boulder / Colorado Blvd
323,323,1/1/1970,2/26/2013,323,Skyline / Twin Peaks
324,324,1/1/1970,2/26/2013,324,Main Street / Twin Peaks
1000544,PNRY,1/1/1970,8/20/2016,811,Pinery/Parker pnR
326,326,1/1/1970,2/26/2013,326,Northside Loop Clockwise
327,327,1/1/1970,2/26/2013,327,Northside Loop Counterclockwise
1000545,31X,1/1/1970,1/1/2036,531,North Federal Express
1000546,DM,1/1/1970,2/26/2013,341,Boulder / Anschutz-Fitzsimons
1000547,CCLX,1/1/1970,1/1/2036,96,Comerce City Div Loop Extra
80,80,1/1/1970,1/1/2036,80,80th Avenue
1000548,79L,1/1/1970,1/1/2036,79,Cherry Creek / Dayton Limited
1000549,55X,1/1/1970,1/1/2036,555,Olde Town Arvada Express
88,88,1/1/1970,4/24/2016,88,Northglenn/Commerce City/Stapleton
1000550,LNCR,1/1/1970,1/1/2036,680,Lone Tree call-n-Ride
1000551,ORCR,1/1/1970,1/1/2036,684,Orchard call-n-Ride
92,92,1/1/1970,1/1/2036,92,92nd Avenue
1000552,EV,1/1/1970,1/1/2036,342,Evergreen / Aspen Park / Denver
100,100,1/1/1970,1/1/2036,100,Kipling Street
101,101,1/1/1970,1/1/2036,101,Light Rail
104,104,1/1/1970,6/11/2012,104,104th Avenue
105,105,1/1/1970,1/1/2036,105,Havana Street
1000553,BOLT,1/1/1970,1/1/2036,356,Boulder / Longmont
1000554,SHOP,1/1/1970,8/17/2014,496,Shopper's Special
1000555,SOHS,1/1/1970,8/20/2016,813,South High School
1000556,ARAP,1/1/1970,5/26/2013,801,Arapahoe Village Station
1000557,WEST,1/1/1970,1/1/2036,818,Westminster/Broadway pnR
1000558,402L,1/1/1970,1/1/2036,402,Highlands Ranch Parkway
112,112,1/1/1970,1/1/2036,112,West 112th Avenue
1000559,86X,1/1/1970,1/1/2036,586,Westminster Center Express
401,401,1/1/1970,8/16/2015,401,Ranches Crosstown
403,403,1/1/1970,1/1/2036,403,Wildcat Crosstown
1000560,120X,1/1/1970,1/1/2036,620,Wagon Road / Thornton Express
1000561,MALL,1/1/1970,1/1/2036,486,Free Mall Ride
1000562,FCS,1/1/1970,10/6/2012,802,Federal Center Station
1000563,EHS,1/1/1970,9/17/2016,804,East High School
1000564,GS,1/1/1970,1/1/2036,354,Golden / Boulder
1000565,BOND,1/1/1970,1/1/2036,250,30th Street
120,120,1/1/1970,1/1/2036,120,120th Avenue / Brighton
121,121,1/1/1970,1/1/2036,121,Peoria Street
410,410,1/1/1970,1/1/2036,410,Lincoln Ave / Parker
1000566,87X,1/1/1970,1/1/2036,587,South Wadsworth Express
128,128,1/1/1970,1/1/2036,128,Broomfield / Wagon Road
1000567,LGMT,1/1/1970,5/26/2013,822,Longmont
1000568,40X,1/1/1970,1/1/2036,540,North Colorado Express
1000569,116X,1/1/1970,1/1/2036,616,South Simms Express
1000570,169L,1/1/1970,8/27/2017,669,Buckley / Tower DIA Limited
1000571,145X,1/1/1970,8/14/2016,645,Brighton / DIA Express
1000572,HX,1/1/1970,8/16/2015,359,28th Street/ Civic Center
130,130,1/1/1970,1/1/2036,130,Yale / Buckley
131,131,1/1/1970,1/15/2017,131,East Iliff / Seven Hills
1000573,FED,1/1/1970,8/20/2016,819,Federal Shuttle
133,133,1/1/1970,1/1/2036,133,Hampden/Tower
135,135,1/1/1970,1/1/2036,135,Smoky Hill Road
1000574,STMP,1/1/1970,1/1/2036,233,CU East Campus
1000575,122X,1/1/1970,1/1/2036,622,Wagon Road / Civic Center Express
1000576,PTHE,1/1/1970,1/1/2036,482,Pathways East
1000577,36L,1/1/1970,1/1/2036,90,Fort Logan Limited
139,139,1/1/1970,1/1/2036,139,Quincy Avenue
1000578,MNRL,1/1/1970,5/26/2013,807,Littleton/Mineral Station
1000579,PTHW,1/1/1970,1/1/2036,483,Pathways West
1000580,BMLX,1/1/1970,9/7/2012,823,BroncosRide Loop Extra
1000581,BLDR,1/1/1970,10/6/2012,821,Boulder/Broomfield
1000582,NINE,1/1/1970,8/20/2016,809,Nine Mile Station
1000583,MONT,1/1/1970,1/1/2036,808,Montbello pnR
1000584,MLX,1/1/1970,1/1/2036,97,MOG Loop Extra
1000585,100X,1/1/1970,1/1/2036,600,South Kipling Express
1000586,0L,1/1/1970,1/1/2036,500,South Broadway Limited
204,204,1/1/1970,1/1/2036,204,Table Mesa / Moorhead / North 19th
205,205,1/1/1970,3/1/2014,205,28th St / Gunbarrel
206,206,1/1/1970,8/19/2012,206,Pearl / Eisenhower
10,10,1/1/1970,1/1/2036,10,East 12th Avenue
208,208,1/1/1970,1/1/2036,208,Iris / Valmont
11,11,1/1/1970,1/1/2036,11,Mississippi Avenue
209,209,1/1/1970,8/27/2017,209,CU / Thunderbird
12,12,1/1/1970,2/26/2013,12,Downing Street
153,153,1/1/1970,1/1/2036,153,Chambers Road
14,14,1/1/1970,1/1/2036,14,West Florida Avenue
15,15,1/1/1970,1/1/2036,15,East Colfax Avenue
16,16,1/1/1970,1/1/2036,16,West Colfax Avenue
17,17,1/1/1970,4/28/2013,17,Jeffco
1000587,72X,1/1/1970,1/1/2036,572,Quaker via Ward Express
1000588,BRCR,1/1/1970,1/1/2036,673,Brighton call-n-Ride
1000589,15L,1/1/1970,1/1/2036,18,East Colfax Limited
20,20,1/1/1970,1/1/2036,20,20th Avenue
1000590,ART,1/1/1970,1/1/2036,485,ART
1000591,EVCR,1/1/1970,1/1/2036,675,Evergreen call-n-Ride
21,21,1/1/1970,1/1/2036,21,Evans Avenue
24,24,1/1/1970,1/1/2036,24,University Blvd
27,27,1/1/1970,1/1/2036,27,Yale Avenue
28,28,1/1/1970,1/1/2036,28,28th Avenue
29,29,1/1/1970,1/1/2036,29,Riverbend
1000592,STCR,1/1/1970,1/1/2036,689,South Thornton call-n-Ride
1000593,WADS,1/1/1970,8/20/2016,815,Wadsworth-Hampden pnR
1000594,YL,1/1/1970,2/26/2013,352,Lyons To Longmont
1000595,APCR,1/1/1970,1/1/2036,670,Arapahoe call-n-Ride
1000596,TNCR,1/1/1970,1/1/2036,690,Thornton/Northglenn call-n-Ride
1000597,WARD,1/1/1970,8/20/2016,817,Ward Road pnR
1000598,16L,1/1/1970,1/1/2036,516,West Colfax Limited
225,225,1/1/1970,1/1/2036,225,Boulder / Lafayette via Baseline
1024760,LGCR,1/1/1970,6/11/2012,LGCR,LGCR
206,206,8/19/2012,4/28/2013,206,Pearl / Eisenhower / Fairview H.S.
1095822,BBT,1/1/1970,1/1/2036,855,BOULDER-TABLE MESA
1000511,BNLX,9/7/2012,10/6/2012,824,NOG Loop Extra
1000538,MSS,9/7/2012,1/1/2036,820,Market Street Shuttle
1000539,HAVA,9/7/2012,1/1/2036,806,Alameda/Havana PnR
1095823,90B,1/1/1970,1/1/2036,853,NINE MILE PnR
1095824,86B,1/1/1970,1/1/2036,852,WEST/BROOM/McCASLIN PnR
1095825,120B,1/1/1970,1/1/2036,854,WAGON ROAD PnR
1095826,36B,1/1/1970,1/1/2036,850,WADS-HAMP/FCS
1095827,37B,1/1/1970,1/1/2036,851,SOUTHMOOR & I-25/BDWY
1000580,BMLX,9/7/2012,10/6/2012,823,MOG Loop Extra
1095828,LB,1/1/1970,1/1/2036,856,LONGMONT
1103840,BR,1/1/1970,1/1/2036,708,Boulder
1103841,5R,1/1/1970,1/1/2036,701,Federal Center Station
1103842,RNLX,1/1/1970,4/6/2013,711,NOG Loop Extra
1103843,55R,1/1/1970,1/1/2036,704,Olde Town Arvada PnR
1103844,86R,1/1/1970,4/6/2013,705,Broomfield/Wstm PnR
1103845,120R,1/1/1970,1/1/2036,707,Wagon Road/Thornton PnR
1103846,36R,1/1/1970,1/1/2036,702,Wadsworth-Hampden PnR
1103847,LR,1/1/1970,1/1/2036,709,Longmont
1278577,XCV,6/1/2013,1/1/2036,459,CV/EV  Federal Center Station
1476388,Q04,1/1/1970,7/2/2016,904,18th/Cal - 30th/Down via California
1278587,Q34,7/6/2013,7/20/2013,934,Decatur/Federal TO Union Station
1537489,Q35,1/1/1970,4/24/2016,935,Colfax at Auraria Station TO MSS
206,206,8/18/2013,8/27/2017,206,Pearl / Eisenhower / Fairview H.S.
1820545,mall,1/1/1970,1/1/2036,mall,mall
2577943,Q81,1/1/1970,1/1/2036,981,Knox to JeffCo
1000567,LGMT,8/7/2014,5/22/2015,822,Longmont
102,102,1/1/1970,1/1/2036,102,Light Rail Loop Extra
1000554,SHOP,8/17/2014,1/4/2015,496,Shopper''s Special
2600795,MRLX,1/1/1970,1/1/2036,488,MetroRide Loop Extra
1000502,US85,9/27/2014,10/4/2014,726,US85 & Bridge
1000511,BNLX,9/27/2014,10/4/2014,725,NOG Loop Extra
1000516,WAGN,9/27/2014,10/4/2014,722,Wagon Road
1000580,BMLX,9/27/2014,10/4/2014,724,MOG Loop Extra
1000581,BLDR,9/27/2014,10/4/2014,723,Boulder
3066823,TDLX,1/1/1970,1/1/2036,94,Transdev Loop Extra
3066824,BV,1/1/1970,1/10/2015,344,Boulder / Denver All Stops
3066825,BX,1/1/1970,1/1/2036,345,Boulder / Denver Regional Express
1000554,SHOP,1/7/2015,5/10/2015,496,Shopper''''s Special
1000554,SHOP,1/4/2015,1/7/2015,496,Shopper''''s Special
1000567,LGMT,8/22/2015,5/28/2016,822,Longmont
1000502,US85,9/25/2015,10/3/2015,726,US85 & Bridge
1000511,BNLX,9/25/2015,10/3/2015,725,NOG Loop Extra
1000516,WAGN,9/25/2015,10/3/2015,722,Wagon Road
1000580,BMLX,9/25/2015,10/3/2015,724,MOG Loop Extra
1000581,BLDR,9/25/2015,10/3/2015,723,Boulder
4342329,A,1/1/1970,4/24/2016,111,CU A-Line
4446986,FF,1/1/1970,1/3/2016,FF,FF
4447223,FFLX,1/1/1970,1/3/2016,FFLX,FFLX
4447224,87L,1/1/1970,1/3/2016,87L,87L
4447225,55L,1/1/1970,1/3/2016,55L,55L
4447226,39L,1/1/1970,1/3/2016,39L,39L
4447227,72L,1/1/1970,1/3/2016,72L,72L
4447243,31L,1/1/1970,1/3/2016,31L,31L
4447244,80L,1/1/1970,1/3/2016,80L,80L
4447226,39L,1/3/2016,1/4/2016,439,North Colorado Limited
4447226,39L,1/5/2016,1/1/2036,439,North Colorado Limited
4447227,72L,1/3/2016,1/4/2016,472,Quaker via Ward Limited
4447227,72L,1/5/2016,1/1/2036,472,Quaker via Ward Limited
4447223,FFLX,1/3/2016,1/4/2016,362,Flatiron Flyer Loop Extra
4447223,FFLX,1/5/2016,1/1/2036,362,Flatiron Flyer Loop Extra
4447244,80L,1/3/2016,1/4/2016,480,West 80th Limited
4447244,80L,1/5/2016,1/1/2036,480,West 80th Limited
4447243,31L,1/3/2016,1/4/2016,431,North Federal Limited
4447243,31L,1/5/2016,1/1/2036,431,North Federal Limited
4447225,55L,1/3/2016,1/4/2016,455,Olde Town Arvada Limited
4447225,55L,1/5/2016,1/1/2036,455,Olde Town Arvada Limited
83,83,1/1/1970,1/1/2036,83,Cherry Creek / Parker Rd Limited
4446986,FF,1/3/2016,1/4/2016,350,Flatiron Flyer
4446986,FF,1/5/2016,1/1/2036,350,Flatiron Flyer
1000554,SHOP,1/3/2016,1/4/2016,496,Shopper''''s Special
1000554,SHOP,1/5/2016,4/24/2016,496,Shopper''''s Special
4447224,87L,1/3/2016,1/4/2016,87,South Wadsworth Limited
4447224,87L,1/5/2016,1/1/2036,87,South Wadsworth Limited
4447227,72L,1/4/2016,1/5/2016,472,Quaker via Ward Limited
4447223,FFLX,1/4/2016,1/5/2016,362,Flatiron Flyer Loop Extra
4447244,80L,1/4/2016,1/5/2016,480,West 80th Limited
4447243,31L,1/4/2016,1/5/2016,431,North Federal Limited
4447225,55L,1/4/2016,1/5/2016,455,Olde Town Arvada Limited
4446986,FF,1/4/2016,1/5/2016,350,Flatiron Flyer
1000554,SHOP,1/4/2016,1/5/2016,496,Shopper''''s Special
4447224,87L,1/4/2016,1/5/2016,87,South Wadsworth Limited
4447226,39L,1/4/2016,1/5/2016,439,North Colorado Limited
4703049,90L,1/1/1970,1/1/2036,390,US36 & Sheridan Limited
34,34,4/24/2016,1/1/2036,434,Bruce Randolph Ave
37,37,1/1/1970,1/1/2036,37,Smith Road Industrial
38,38,4/24/2016,1/1/2036,38,West 38th Avenue
42,42,1/1/1970,1/1/2036,42,Montbello via Albrook/GVR
43,43,4/24/2016,1/1/2036,43,Martin Luther King Blvd
45,45,4/24/2016,1/1/2036,45,Montbello via 51st/GVR
5041189,Q300,1/1/1970,1/14/2018,987,Union Station to Ward
5041190,Q301,1/1/1970,1/14/2018,988,Union Station to Clear Crk/Federal
5041191,Q302,1/1/1970,1/14/2018,989,Clear Crk/Federal to Olde Town
5041192,Q303,1/1/1970,1/14/2018,990,Olde Town to Ward
6,6,4/24/2016,1/1/2036,6,East 6th Avenue
4342329,A,4/24/2016,1/1/2036,111,A-Line
483,483,1/1/1970,1/1/2036,583,Parker Road - Lincoln Ave
1159275,HOP,4/24/2016,8/14/2016,234,Boulder Circulator
1278584,Q31,4/24/2016,1/1/2036,931,I-25/Broadway to Auraria West
1537489,Q35,4/24/2016,1/1/2036,935,Colfax at Auraria Station TO DUS
4543304,Q100,4/24/2016,1/1/2036,982,Union Station to Denver Airport
4543305,Q101,4/24/2016,1/1/2036,983,Union Station to 40th & Colorado
4543306,Q102,4/24/2016,1/1/2036,984,40th & Colorado to Peoria
5041193,Q103,1/1/1970,1/1/2036,985,Peoria to Denver Airport
88,88,4/24/2016,1/1/2036,88,Northglenn/Comm City/Central Park
1278591,Q50,4/24/2016,1/1/2036,950,Southmoor to Peoria
5041194,Q51,1/1/1970,11/12/2016,991,Southmore to Nine Mile
77,77,6/14/2012,1/1/2036,77,Ken Caryl Avenue
104,104,6/14/2012,1/1/2036,104,West 104th Avenue
1000502,US85,10/6/2012,10/27/2012,726,US85 & Bridge
1000511,BNLX,10/6/2012,10/27/2012,725,NOG Loop Extra
1000516,WAGN,10/6/2012,10/27/2012,722,Wagon Road
1000562,FCS,10/6/2012,10/27/2012,720,Federal Center Station
1000580,BMLX,10/6/2012,10/27/2012,724,MOG Loop Extra
1000581,BLDR,10/6/2012,10/27/2012,723,Boulder
1000502,US85,10/27/2012,9/14/2013,814,US85 & Bridge St. PnR
1000511,BNLX,10/27/2012,9/14/2013,824,NOG Loop Extra
1000516,WAGN,10/27/2012,9/14/2013,816,Wagon Road/Thornton PnR
1000562,FCS,10/27/2012,1/1/2036,802,Federal Center Station
1000580,BMLX,10/27/2012,9/14/2013,823,MOG Loop Extra
1000581,BLDR,10/27/2012,9/14/2013,821,Boulder/Broomfield
1159275,HOP,1/1/1970,2/26/2013,HOP,HOP
1160743,104X,1/1/1970,2/26/2013,104X,104X
1160743,104X,2/26/2013,1/1/2036,604,Commerce City / Denver Express
1159275,HOP,2/26/2013,4/24/2016,234,HOP
1161793,L16,1/1/1970,1/1/2036,450,16/16L West Colfax
323,323,2/26/2013,1/1/2036,323,Skyline Crosstown
324,324,2/26/2013,1/1/2036,324,Main Street
326,326,2/26/2013,1/1/2036,326,Westside Crosstown
327,327,2/26/2013,1/1/2036,327,Eastside Crosstown
1000546,DM,2/26/2013,1/1/2036,341,Boulder / Anschutz Campus
1161794,L29,1/1/1970,1/1/2036,458,29/36  S Federal-Littleton
89,89,1/1/1970,5/11/2014,89,Stapleton/Anschutz Campus
1161795,L30,1/1/1970,1/1/2036,457,30/30L/31 S. Federal combined
1025151,BB01,2/26/2013,1/1/2036,901,30th/Dwn TO 18th & Cal
1161796,L79,1/1/1970,1/1/2036,456,79L/83L Leetsdale Limited
1161797,X2,1/1/1970,1/1/2036,459,2X/5X Federal Center Station
12,12,2/26/2013,1/1/2036,12,Downing / N Washington
1161798,BB41,1/1/1970,1/1/2036,941,Southmoor TO University
1161799,XAT,1/1/1970,1/1/2036,461,ABA/AF/AT Airport & 40th
1000594,YL,2/26/2013,1/1/2036,352,Lyons / Longmont
1103842,RNLX,4/6/2013,1/1/2036,711,Boulder Loop Extra
1103844,86R,4/6/2013,7/2/2016,705,Broomfield/Wstm Cntr PnR
1255207,RMLX,1/1/1970,1/1/2036,710,Metro Loop Extra
1278572,Q00,1/1/1970,1/1/2036,900,10th/Osage to 30th/Downing
1278573,Q01,1/1/1970,1/1/2036,901,Convention Center to 30th/Downing
1278574,Q02,1/1/1970,1/1/2036,902,18th/California to 30th/Downing
1278575,Q03,1/1/1970,1/1/2036,903,25th/Welton to 30th/Downing
1278576,GMCR,1/1/1970,1/1/2036,696,Green Mountain Call-n-Ride
1278577,XCV,1/1/1970,6/1/2013,459,CV/EV/KC Federal Center Station
1278578,Q11,1/1/1970,1/1/2036,911,I-25/Broadway to 10th/Osage
1278579,Q12,1/1/1970,8/16/2015,912,10th/Osage to 18th & California
1278580,Q13,1/1/1970,1/1/2036,913,10th/Osage to Convention Center
1000510,AF,4/28/2013,1/1/2036,519,Downtown / DIA
50,50,1/1/1970,1/1/2036,50,Lakes Crosstown
1278581,Q20,1/1/1970,1/1/2036,920,Mineral to I-25/Broadway
1278582,Q21,1/1/1970,1/1/2036,921,Mineral to Englewood
1278583,Q22,1/1/1970,1/1/2036,922,Oxford to I-25/Broadway
1278584,Q31,1/1/1970,4/24/2016,931,I-25/Broadway to 10th/Osage
1278585,Q32,1/1/1970,1/1/2036,932,Auraria West to Union Station
1278586,Q33,1/1/1970,1/1/2036,933,10t/Osage to Union Station
1278587,Q34,1/1/1970,7/6/2013,934,Decatur/Federal o Union Station
1278588,Q40,1/1/1970,1/1/2036,940,Southmoor to I-25/Broadway
1278589,Q41,1/1/1970,1/1/2036,941,Southmoor to University
1278590,Q42,1/1/1970,1/1/2036,942,Colorado to I-25/Broadway
1278591,Q50,1/1/1970,4/24/2016,950,Nine Mile to Southmoor
103,103,1/1/1970,1/1/2036,103,Light Rail West Line
1278592,Q60,1/1/1970,1/1/2036,960,Lincoln to Southmoor
1278593,Q61,1/1/1970,1/1/2036,961,Lincoln to Arapahoe
1278594,Q62,1/1/1970,1/1/2036,962,Dry Creek to Southmoor
1278595,Q70,1/1/1970,1/1/2036,970,Federal Center to Union Station
1278596,Q71,1/1/1970,1/1/2036,971,Federal Center to Wadsworth
1278597,Q72,1/1/1970,1/1/2036,972,Wadsworth to Sheridan
1278598,Q73,1/1/1970,1/1/2036,973,Sheridan to Decatur/Federal
1278599,116L,1/1/1970,1/1/2036,617,South Simms Limited
1278600,Q80,1/1/1970,1/1/2036,980,Jeffco to Federal Center
1278601,BLCR,1/1/1970,1/1/2036,694,Belmar Call-n-Ride
1278602,100L,1/1/1970,1/1/2036,501,South Kipling Limited
1278603,GDCR,1/1/1970,1/1/2036,695,Golden Call-n-Ride
206,206,4/28/2013,8/18/2013,206,Pearl / Manhattan / Fairview H.S.
17,17,4/28/2013,1/1/2036,17,Red Rocks College
1278604,KC,1/1/1970,1/1/2036,348,Ken Caryl Ranch
26,26,1/1/1970,1/1/2036,26,West 26th Avenue
1496973,Q23,1/1/1970,1/1/2036,923,Englewood to I-25/Broadway
1278587,Q34,7/20/2013,1/1/2036,934,Decatur/Federal o Union Station
1000502,US85,9/21/2013,9/27/2014,814,US85 & Bridge St. PnR
1000511,BNLX,9/21/2013,9/27/2014,824,NOG Loop Extra
1000516,WAGN,9/21/2013,9/27/2014,816,Wagon Road/Thornton PnR
1000580,BMLX,9/21/2013,9/27/2014,823,MOG Loop Extra
1000581,BLDR,9/21/2013,9/27/2014,821,Boulder/Broomfield
2288062,FMR,1/1/1970,1/1/2036,487,Free MetroRide
89,89,5/11/2014,1/1/2036,89,Stapleton / Anschutz Campus
1390139,BDWY,5/24/2014,1/1/2036,779,I-25-BDWY/DUS/WESTMINSTER PNR
1000567,LGMT,5/24/2014,8/7/2014,781,LONGMONT/NIWOT PNR
2504326,SMAL,10/18/2014,6/27/2015,857,Special Service Mall
1000567,LGMT,5/22/2015,8/22/2015,781,LONGMONT/NIWOT PNR
2504326,SMAL,6/27/2015,1/1/2036,857,SS Free Mall Ride
33,33,1/1/1970,1/1/2036,33,Platte Valley
1278579,Q12,8/16/2015,1/1/2036,912,10th/Osage to 18th/California
1256246,Q14,8/16/2015,1/1/2036,914,I-25/Broadway to 30th/Downing
1,1,8/16/2015,1/1/2036,1,1st Avenue
1000512,AS,8/16/2015,1/1/2036,526,Central Park / DIA
1000523,S,8/16/2015,1/1/2036,322,Union Station / Boulder Junction
85,85,1/1/1970,1/1/2036,85,Chatfield Avenue
1000554,SHOP,8/16/2015,1/3/2016,496,Shopper''s Special
401,401,8/16/2015,1/1/2036,401,Highlands Ranch/Mineral
1000572,HX,8/16/2015,1/1/2036,359,Boulder Junction / Civic Center
1000502,US85,10/3/2015,8/14/2016,814,US85 & Bridge St. PnR
1000511,BNLX,10/3/2015,8/14/2016,824,NOG Loop Extra
1000516,WAGN,10/3/2015,8/14/2016,816,Wagon Road/Thornton PnR
1000580,BMLX,10/3/2015,8/14/2016,823,MOG Loop Extra
1000581,BLDR,10/3/2015,8/14/2016,821,Boulder/Broomfield
1024761,SICR,1/1/1970,6/11/2012,SICR,SICR
1024762,SJCR,1/1/1970,6/11/2012,SJCR,SJCR
1024763,BWCR,1/1/1970,6/11/2012,BWCR,BWCR
1025150,NLX,1/1/1970,1/1/2036,98,NOG Loop Extra
77,77,6/11/2012,6/12/2012,77,Ken Caryl Avenue
1024762,SJCR,6/11/2012,1/1/2036,692,South Jeffco Call-n-Ride
104,104,6/11/2012,6/12/2012,104,West 104th Avenue
1025151,BB01,1/1/1970,2/26/2013,901,30th/Downing TO 18th & Cal
1025152,BB02,1/1/1970,1/1/2036,902,30th/Downing TO ConvCtr
1025153,BB03,1/1/1970,1/1/2036,903,30th/Downing TO 25th Welton Closed
1025154,BB04,1/1/1970,1/1/2036,904,30tth/Downing TO 25th
1025155,BB05,1/1/1970,1/1/2036,905,30th/Downing TO 17th & Cal
1025156,BB10,1/1/1970,1/1/2036,910,10th /Osage TO Colfax
1025157,BB11,1/1/1970,1/1/2036,911,10th/Osage TO Stout
1025158,BB12,1/1/1970,5/21/2017,912,10th/Osage TO Colfax
1025159,BB13,1/1/1970,1/1/2036,913,10th/Osage TO AuriW
1025160,BB15,1/1/1970,1/1/2036,915,10th/Osage TO Alameda
1025161,BB16,1/1/1970,1/1/2036,916,10th/Osage TO I-25
1025162,BB19,1/1/1970,1/1/2036,919,I-25 TO Alameda
1024763,BWCR,6/11/2012,1/1/2036,691,Belleview call-n-ride
1025163,BB21,1/1/1970,1/1/2036,921,I-25 TO Evans
1024760,LGCR,6/11/2012,1/1/2036,679,Longmont call-n-Ride
1024761,SICR,6/11/2012,1/1/2036,687,South Inverness call-n-Ride
77,77,6/12/2012,6/14/2012,77,Ken Caryl Ave
104,104,6/12/2012,6/14/2012,104,104th Avenue
1105308,ALAM,1/1/1970,9/17/2016,806,Alameda/Havana PnR
1159624,BB34,1/1/1970,1/1/2036,BB34,BB34
1159629,BB28,1/1/1970,1/1/2036,BB28,BB28
1256245,Q10,1/1/1970,1/1/2036,910,I-25 Bdwy to 18th/California
1256246,Q14,1/1/1970,8/16/2015,914,I-25 Bdwy to 30th/Downing
1256247,Q30,1/1/1970,1/1/2036,930,I-25/Broadway to Union Station
1390138,BFLD,1/1/1970,1/1/2036,778,BROOMFIELD PNR
1390139,BDWY,1/1/1970,5/24/2014,779,I-25-BDWY/MSS/WESTMINSTER PNR
1000556,ARAP,5/26/2013,1/1/2036,782,ARAPAHOE/NINE MILE PNR
1000567,LGMT,5/26/2013,8/24/2013,781,LONGMONT/NIWOT PNR
1390140,LOOP,1/1/1970,10/21/2017,784,LOOP EXTRA
1390141,LOCA,1/1/1970,1/1/2036,783,LOCAL RUNRIDE ROUTINGS
1000578,MNRL,5/26/2013,1/1/2036,780,LITTLETON/MINERAL/FEDERAL CTR STN
1000567,LGMT,8/24/2013,5/24/2014,822,Longmont
1747655,Q05,1/1/1970,6/18/2016,905,Auri/West to 30th/Downing
1000502,US85,9/14/2013,9/21/2013,726,US85 & Bridge
1000511,BNLX,9/14/2013,9/21/2013,725,NOG Loop Extra
1000516,WAGN,9/14/2013,9/21/2013,722,Wagon Road
1000580,BMLX,9/14/2013,9/21/2013,724,MOG Loop Extra
1000581,BLDR,9/14/2013,9/21/2013,723,Boulder
205,205,3/1/2014,1/1/2036,205,28th St / Gunbarrel / Heatherwood
2504326,SMAL,1/1/1970,10/18/2014,857,SS Free Mall Ride
1000502,US85,10/4/2014,9/25/2015,814,US85 & Bridge St. PnR
1000511,BNLX,10/4/2014,9/25/2015,824,NOG Loop Extra
1000516,WAGN,10/4/2014,9/25/2015,816,Wagon Road/Thornton PnR
1000580,BMLX,10/4/2014,9/25/2015,823,MOG Loop Extra
1000581,BLDR,10/4/2014,9/25/2015,821,Boulder/Broomfield
3066824,BV,1/10/2015,1/1/2036,344,Boulder / Denver
4,4,1/1/1970,1/1/2036,4,Morrison Road
1000554,SHOP,5/10/2015,8/16/2015,496,Shopper's Special
4543304,Q100,1/1/1970,4/24/2016,982,Union Station to 40th & Colorado
4543305,Q101,1/1/1970,4/24/2016,983,40th & Colorado to Peoria
4543306,Q102,1/1/1970,4/24/2016,984,Peoria to Denver Airport
5041195,Q52,1/1/1970,1/15/2017,992,Nine Mile to Florida
5041196,Q53,1/1/1970,1/15/2017,993,Florida to 2nd/Abilene
5041197,Q54,1/1/1970,1/15/2017,994,2nd/Abilene to Colfax
5041198,Q55,1/1/1970,1/15/2017,995,Colfax to Peoria
1000554,SHOP,4/24/2016,8/14/2016,496,Shopper's Special
5041199,Q200,1/1/1970,1/1/2036,986,Union Station to Westminster
157,157,1/1/1970,1/15/2017,157,CCA - Buckley
19,19,1/1/1970,1/1/2036,19,North Pecos
169,169,1/1/1970,1/1/2036,169,Buckley Road
1000567,LGMT,5/28/2016,8/20/2016,781,LONGMONT/NIWOT PNR
113,113,1/1/1970,5/21/2017,113,113
1747655,Q05,6/18/2016,1/1/2036,905,18th/Cal - 30th/Down via California
1476388,Q04,7/2/2016,1/1/2036,904,25th/Welton to 30th/Downing
1103844,86R,7/2/2016,1/1/2036,705,US36 Broomfield/US36 Sheridan
5499096,QMLX,1/1/1970,7/25/2016,QMLX,QMLX
5499096,QMLX,7/25/2016,2/24/2018,991,Bus Bridge Loop Extra
1000502,US85,8/14/2016,8/20/2016,726,US85 & Bridge
1000507,AA,8/14/2016,1/1/2036,504,Wagon Road / Denver Airport
1000511,BNLX,8/14/2016,8/20/2016,725,NOG Loop Extra
1000516,WAGN,8/14/2016,8/20/2016,722,Wagon Road
1159275,HOP,8/14/2016,9/10/2016,234,HOP
5608102,Q63,1/1/1970,3/17/2018,963,Lincoln to Dry Creek
5608103,SPCR,1/1/1970,1/1/2036,688,Superior Call-n-Ride
1000554,SHOP,8/14/2016,11/6/2016,496,Shopper''s Special
1000571,145X,8/14/2016,1/1/2036,645,Brighton / Denver Airport
1000580,BMLX,8/14/2016,8/20/2016,724,MOG Loop Extra
1000581,BLDR,8/14/2016,8/20/2016,723,Boulder
1000502,US85,8/20/2016,9/24/2016,814,US85 & Bridge St. BroncosRide
1000511,BNLX,8/20/2016,8/27/2016,824,Loop Extra BroncosRide
1000516,WAGN,8/20/2016,8/27/2016,816,Wagon Road/Thornton BroncosRide
1000527,EVGN,8/20/2016,1/1/2036,805,Evergreen/El Rancho BroncosRide
1000531,DRCK,8/20/2016,1/1/2036,803,Dry Creek/University BroncosRide
1000536,OLDE,8/20/2016,8/27/2016,810,Olde Town Arvada  BroncosRide
1000544,PNRY,8/20/2016,1/1/2036,811,Pinery/Parker BroncosRide
1000555,SOHS,8/20/2016,1/1/2036,813,South High School BroncosRide
1000567,LGMT,8/20/2016,8/27/2016,822,Longmont BroncosRide
1000573,FED,8/20/2016,8/27/2016,819,Federal Shuttle Broncos Ride
5668890,SHER,1/1/1970,8/27/2016,818,US36 & Sheridan BroncosRide
1000580,BMLX,8/20/2016,8/27/2016,823,Loop Extra BroncosRide
1000581,BLDR,8/20/2016,8/27/2016,821,Boulder/Broomfield BroncosRide
1000582,NINE,8/20/2016,8/27/2016,809,Nine Mile Station BroncosRide
1000593,WADS,8/20/2016,8/27/2016,815,Wadsworth-Hampden BroncosRide
1000597,WARD,8/20/2016,8/27/2016,817,Ward Road BroncosRide
1000511,BNLX,8/27/2016,9/2/2016,824,NOG Loop Extra
1000516,WAGN,8/27/2016,9/2/2016,816,Wagon Road/Thornton PnR
1000536,OLDE,8/27/2016,9/2/2016,810,Olde Town Arvada PnR
1000567,LGMT,8/27/2016,9/2/2016,822,Longmont
1000573,FED,8/27/2016,9/2/2016,819,Federal Shuttle
5668890,SHER,8/27/2016,9/2/2016,818,US36 & Sheridan
6693814,SHUZ,1/1/1970,3/4/2017,949,Anschutz  Shuttle
209,209,9/2/2017,9/3/2017,209,CU / Mohawk Dr
1000508,AB,9/2/2017,9/3/2017,357,Boulder / Denver Airport
1000513,AT,9/2/2017,9/3/2017,521,Arapahoe County / Denver Airport
7700689,LD,9/2/2017,9/3/2017,366,Longmont / Denver
7700690,LX,9/2/2017,9/3/2017,367,Longmont I-25 Express
1000554,SHOP,9/2/2017,9/3/2017,496,Shopper''''s Special
1000570,169L,9/3/2017,9/5/2017,669,Buckley / Denver Airport
206,206,9/3/2017,9/5/2017,206,Boulder Junction/ Fairview H.S.
209,209,9/3/2017,9/5/2017,209,CU / Mohawk Dr
1000508,AB,9/3/2017,9/5/2017,357,Boulder / Denver Airport
1000513,AT,9/3/2017,9/5/2017,521,Arapahoe County / Denver Airport
7700689,LD,9/3/2017,9/5/2017,366,Longmont / Denver
7700690,LX,9/3/2017,9/5/2017,367,Longmont I-25 Express
1000554,SHOP,9/3/2017,9/5/2017,496,Shopper''''s Special
7700843,BR10,9/9/2017,1/1/2036,821,Boulder/Broomfield Broncos-BLDR
7700776,BR12,9/9/2017,1/1/2036,818,US36 & Sheridan Broncos-SHER
7700805,BR20,9/9/2017,1/1/2036,822,Longmont Broncos-LGMT
7700774,BR26,9/9/2017,1/1/2036,803,Dry Creek/University Broncos-DRCK
7700791,BR32,9/9/2017,1/1/2036,805,Evergreen/El Rancho Broncos-EVGN
7700830,BR38,9/9/2017,1/1/2036,819,Federal Shuttle Broncos-FED
7700826,BR44,9/9/2017,1/1/2036,809,Nine Mile Station Broncos-NINE
7700772,BR48,9/9/2017,1/1/2036,811,Pinery/Parker Broncos-PNRY
7700783,BR4,9/9/2017,1/1/2036,816,Wagon Road/Thornton Broncos-WAGN
7700816,BR56,9/9/2017,1/1/2036,813,South High School Broncos-SOHS
7700788,BR60,9/9/2017,1/1/2036,814,US85 & Bridge St. Broncos-US85
7700811,BR64,9/9/2017,1/1/2036,817,Ward Road Broncos-WARD
7700778,BR6,9/9/2017,1/1/2036,815,Wadsworth-Hampden Broncos-WADS
7700822,BR8,9/9/2017,9/16/2017,810,Olde Town Arvada  Broncos-OLDE
7700781,BR98,9/9/2017,1/1/2036,823,Metro Loop Extra Broncos-BMLX
7700785,BR99,9/9/2017,1/1/2036,824,Northern Loop Extra Broncos-BNLX
7802938,CB12,1/1/1970,1/1/2036,852,Buffs Sheridn/ Broomfld/McCas -86B
7802939,CB20,1/1/1970,1/1/2036,856,Buffs Longmont - LB
7802940,CB44,1/1/1970,1/1/2036,853,Buffs Nine Mile - 90B
7802941,CB4,1/1/1970,1/1/2036,854,Buffs Wagon Road - 120B
7802942,CB52,1/1/1970,1/1/2036,851,Buffs Southmoor /  Broadway  -37B
7802943,CB53,1/1/1970,1/1/2036,855,Buffs Boulder / Table Mesa  -BBT
7802944,CB6,1/1/1970,1/1/2036,850,Buffs Wadsworth / Fed Center -36B
7881795,RA10,1/1/1970,1/1/2036,723,Boulder
7881796,RA4,1/1/1970,1/1/2036,722,Wagon Road
7881797,RA60,1/1/1970,1/1/2036,726,US85 & Bridge
7881798,RA98,1/1/1970,1/1/2036,724,Mero Loop Extra
7881799,RA99,1/1/1970,1/1/2036,725,Northern Loop Extra
7960260,Q56,1/1/1970,1/1/2036,936,Fitzsimons - Peoria
7960261,Q57,1/1/1970,1/1/2036,937,Nine Mile - 2nd & Abilene
1390140,LOOP,10/21/2017,1/1/2036,231,JUMP West-end Loop
109,109,1/1/1970,1/1/2036,109,Light Rail L Line
8549723,FF7,1/1/1970,1/1/2036,351,Flatiron Flyer
8549724,Q106,1/1/1970,1/1/2036,948,DUS-40th & Airport All Stop
5041189,Q300,1/14/2018,1/1/2036,987,Union Station to WheatRidge-Ward
5041190,Q301,1/14/2018,1/1/2036,804,DUS-41st/Fox
5041191,Q302,1/14/2018,1/1/2036,988,Union Station to Clear Crk/Federal
5041192,Q303,1/14/2018,1/1/2036,989,Clear Crk/Federal to Olde Town
8549725,Q304,1/1/1970,1/1/2036,990,Olde Town to Ward
8549726,Q64,1/1/1970,1/1/2036,964,Lincoln-Dry Creek Express
8549727,Q65,1/1/1970,3/17/2018,965,Lincoln-County-DryCrk via I-25
1000554,SHOP,1/14/2018,2/24/2018,496,Shopper''''''''''''''''s Special
8651303,Q117,1/1/1970,1/1/2036,820,DUS-38th/Blake
5608102,Q63,3/17/2018,5/20/2018,963,Lincoln to Dry Creek All Stop
8549727,Q65,3/17/2018,5/20/2018,965,Lincoln-DryCrk All Stop Detour
5041194,Q51,11/12/2016,1/15/2017,928,Old Q50 / Southmoor to Nine Mile
7108239,47D,1/1/1970,1/1/2036,47D,47D
7552195,Q24,1/1/1970,1/1/2036,925,Evans to I-25/Broadway
7700689,LD,1/1/1970,8/27/2017,LD,LD
7700690,LX,1/1/1970,8/27/2017,LX,LX
5499096,QMLX,2/24/2018,5/20/2018,938,Bus Bridge Loop Extra
1000554,SHOP,2/24/2018,1/1/2036,496,Shopper's Special
5608102,Q63,5/20/2018,1/1/2036,963,Lincoln to Dry Creek
8549727,Q65,5/20/2018,1/1/2036,965,Lincoln-County-DryCrk via I-25
5499096,QMLX,5/20/2018,1/1/2036,991,Bus Bridge Loop Extra
1000573,FED,10/22/2016,10/29/2016,819,Federal Shuttle Broncos Ride
1000554,SHOP,11/6/2016,1/15/2017,496,Shopper''''s Special
5041194,Q51,1/15/2017,1/1/2036,928,Southmoor to Nine Mille
5041195,Q52,1/15/2017,1/1/2036,929,Nine Mile to Florida
5041196,Q53,1/15/2017,1/1/2036,967,Florida to 2nd/Abilene
5041197,Q54,1/15/2017,1/1/2036,968,2nd/Abilene to Colfax
5041198,Q55,1/15/2017,1/1/2036,969,Colfax to Peoria
6481163,RX,1/1/1970,1/1/2036,546,Brighton / Denver
1000554,SHOP,1/15/2017,2/11/2017,496,Shopper''''''''s Special
107,107,1/1/1970,1/1/2036,107,Light Rail R Line
131,131,1/15/2017,2/4/2017,131,Iliff
157,157,1/15/2017,1/1/2036,157,CCA / Buckley
62,62,1/1/1970,1/1/2036,62,Commerce City/ Dicks SG Park
6043351,Q104,1/15/2017,1/1/2036,946,DUS - Central Pk - DIA
6043352,Q105,1/15/2017,1/1/2036,947,DUS - 40thAirport - DIA
131,131,2/4/2017,1/1/2036,131,East Iliff / Seven Hills
6693814,SHUZ,3/4/2017,1/1/2036,949,Anschutz Shuttle
6920581,CR20,1/1/1970,1/1/2036,709,Longmont (BR)
6920582,CR4,1/1/1970,1/1/2036,707,Wagon Road/Thornton (120R)
6920583,CR98,1/1/1970,1/1/2036,710,Metro Loop Extra
6920584,CR99,1/1/1970,1/1/2036,711,Rockies Northern Loop Extra
113,113,5/21/2017,1/1/2036,113,Commuter Rail
1025158,BB12,5/21/2017,1/1/2036,778,US36 Sheridan / US36 Broomfield
7146314,BB20,1/1/1970,1/1/2036,781,Longmont / Niwot
7146315,BB42,1/1/1970,1/1/2036,780,Mineral/Federal Center Station
7146316,BB44,1/1/1970,1/1/2036,782,I-25 Broadway/Arapahoe/Nine Mile
7146317,BB53,1/1/1970,1/1/2036,783,BB53 S Local / BB54 N Local
7146318,BB98,1/1/1970,1/1/2036,784,LOOP EXTRA
7208861,Q110,1/1/1970,1/1/2036,914,DUS-38th-DIA
7208862,Q111,1/1/1970,1/1/2036,915,40th&Colo-DIA
7208863,Q112,1/1/1970,1/1/2036,916,CnPk-DIA
7208864,Q113,1/1/1970,1/1/2036,917,Peor-DUS all stop
7208865,Q114,1/1/1970,1/1/2036,918,Peoria-DUS express
7842405,BR24,1/1/1970,1/1/2036,806,Alameda/Havana Broncos-ALAM
7700822,BR8,9/16/2017,1/1/2036,810,Olde Town Arvada Broncos-OLDE
1000570,169L,12/17/2017,1/1/2036,669,Buckley / Tower DIA Limited
1000513,AT,12/17/2017,1/1/2036,521,Arapahoe County / DIA
1000554,SHOP,12/17/2017,1/14/2018,496,Shopper''''''''s Special
1000511,BNLX,9/2/2016,9/24/2016,824,Loop Extra BroncosRide
1000516,WAGN,9/2/2016,9/24/2016,816,Wagon Road/Thornton BroncosRide
1000536,OLDE,9/2/2016,1/1/2036,810,Olde Town Arvada BroncosRide
1000567,LGMT,9/2/2016,1/1/2036,822,Longmont BroncosRide
1000573,FED,9/2/2016,9/17/2016,819,Federal Shuttle Broncos Ride
5668890,SHER,9/2/2016,1/1/2036,818,US36 & Sheridan BroncosRide
1000580,BMLX,9/2/2016,9/24/2016,823,Loop Extra BroncosRide
1000581,BLDR,9/2/2016,9/24/2016,821,Boulder/Broomfield BroncosRide
1000582,NINE,9/2/2016,1/1/2036,809,Nine Mile Station BroncosRide
1000593,WADS,9/2/2016,1/1/2036,815,Wadsworth-Hampden BroncosRide
1000597,WARD,9/2/2016,1/1/2036,817,Ward Road BroncosRide
9067638,120S,1/1/1970,1/1/2036,707,Wagon Road / Thornton Express
9067639,LDSS,1/1/1970,1/1/2036,709,Rockies Longmont / Denver
9067640,Q118,1/1/1970,1/1/2036,906,DUS - 40th/Airport All Stop
9067641,Q119,1/1/1970,1/1/2036,907,DUS - 40th/Airport Express
9067642,Q120,1/1/1970,1/1/2036,908,DUS-Cntrl Park-40th/Airpt Express
9402317,Q06,1/1/1970,1/1/2036,909,25th/Welton temp to 30th/Downing
1159275,HOP,9/10/2016,1/1/2036,234,Boulder Circulator
1000554,SHOP,2/11/2017,8/27/2017,496,Shopper''s Special
1000580,BMLX,8/27/2016,9/2/2016,823,MOG Loop Extra
1000581,BLDR,8/27/2016,9/2/2016,821,Boulder/Broomfield
1000582,NINE,8/27/2016,9/2/2016,809,Nine Mile Station
1000593,WADS,8/27/2016,9/2/2016,815,Wadsworth-Hampden PnR
1000597,WARD,8/27/2016,9/2/2016,817,Ward Road PnR
1000502,US85,9/24/2016,10/1/2016,726,US85 & Bridge
1000511,BNLX,9/24/2016,10/1/2016,725,NOG Loop Extra
1000516,WAGN,9/24/2016,10/1/2016,722,Wagon Road
1000580,BMLX,9/24/2016,10/1/2016,724,MOG Loop Extra
1000581,BLDR,9/24/2016,10/1/2016,723,Boulder
1000502,US85,10/1/2016,1/1/2036,814,US85 & Bridge St. BroncosRide
1000511,BNLX,10/1/2016,1/1/2036,824,Loop Extra BroncosRide
1000516,WAGN,10/1/2016,1/1/2036,816,Wagon Road/Thornton BroncosRide
1000580,BMLX,10/1/2016,1/1/2036,823,Loop Extra BroncosRide
1000581,BLDR,10/1/2016,1/1/2036,821,Boulder/Broomfield BroncosRide
6043351,Q104,1/1/1970,1/15/2017,945,DUS - Central Pk - DIA
6043352,Q105,1/1/1970,1/15/2017,964,DUS - 40thAirport - DIA
1000573,FED,10/29/2016,1/1/2036,819,Federal Shuttle BroncosRide
6330471,55S,1/1/1970,1/1/2036,948,Olde Town Arvada Special
7700772,BR48,1/1/1970,8/27/2017,BR48,BR48
7700774,BR26,1/1/1970,8/27/2017,BR26,BR26
7700776,BR12,1/1/1970,8/27/2017,BR12,BR12
7700778,BR6,1/1/1970,8/27/2017,BR6,BR6
7700781,BR98,1/1/1970,8/27/2017,BR98,BR98
7700783,BR4,1/1/1970,8/27/2017,BR4,BR4
7700785,BR99,1/1/1970,8/27/2017,BR99,BR99
7700788,BR60,1/1/1970,8/27/2017,BR60,BR60
7700791,BR32,1/1/1970,8/27/2017,BR32,BR32
7700805,BR20,1/1/1970,8/27/2017,BR20,BR20
7700811,BR64,1/1/1970,8/27/2017,BR64,BR64
7700816,BR56,1/1/1970,8/27/2017,BR56,BR56
7700822,BR8,1/1/1970,8/27/2017,BR8,BR8
7700826,BR44,1/1/1970,8/27/2017,BR44,BR44
7700830,BR38,1/1/1970,8/27/2017,BR38,BR38
7700843,BR10,1/1/1970,8/27/2017,BR10,BR10
7700923,RM10,1/1/1970,8/27/2017,RM10,RM10
7700925,RM99,1/1/1970,8/27/2017,RM99,RM99
7700927,RM38,1/1/1970,8/27/2017,RM38,RM38
7700931,RM20,1/1/1970,8/27/2017,RM20,RM20
7700936,RM4,1/1/1970,8/27/2017,RM4,RM4
7700945,RM98,1/1/1970,8/27/2017,RM98,RM98
7700961,RM6,1/1/1970,8/27/2017,RM6,RM6
7700969,RM44,1/1/1970,8/27/2017,RM44,RM44
7700977,RM12,1/1/1970,8/27/2017,RM12,RM12
7700981,RM64,1/1/1970,8/27/2017,RM64,RM64
7700985,RM8,1/1/1970,8/27/2017,RM8,RM8
7700989,RM24,1/1/1970,8/27/2017,RM24,RM24
1000570,169L,8/27/2017,8/28/2017,669,Buckley / Denver Airport
1000570,169L,9/5/2017,12/17/2017,669,Buckley / Denver Airport
206,206,8/27/2017,8/28/2017,206,Boulder Junction/ Fairview H.S.
206,206,9/5/2017,1/1/2036,206,Boulder Junction/ Fairview H.S.
209,209,8/27/2017,8/28/2017,209,CU / Mohawk Dr
209,209,9/5/2017,1/1/2036,209,CU / Mohawk Dr
236,236,1/1/1970,1/1/2036,236,Boulder Junction / US36 &Table Mesa
1000508,AB,8/27/2017,8/28/2017,357,Boulder / Demver Airport
1000508,AB,9/5/2017,1/1/2036,357,Boulder / Denver Airport
1000513,AT,8/27/2017,8/28/2017,521,Arapahoe County / Denver Airport
1000513,AT,9/5/2017,12/17/2017,521,Arapahoe County / Denver Airport
7700843,BR10,8/27/2017,8/28/2017,821,Boulder/Broomfield Broncos-BLDR
7700843,BR10,9/2/2017,9/9/2017,BR10,BR10
7700776,BR12,8/27/2017,8/28/2017,818,US36 & Sheridan Broncos-SHER
7700776,BR12,9/2/2017,9/9/2017,BR12,BR12
7700805,BR20,8/27/2017,8/28/2017,822,Longmont Broncos-LGMT
7700805,BR20,9/2/2017,9/9/2017,BR20,BR20
7700774,BR26,8/27/2017,8/28/2017,803,Dry Creek/University Broncos-DRCK
7700774,BR26,9/2/2017,9/9/2017,BR26,BR26
7700791,BR32,8/27/2017,8/28/2017,805,Evergreen/El Rancho Broncos-EVGN
7700791,BR32,9/2/2017,9/9/2017,BR32,BR32
7700830,BR38,8/27/2017,8/28/2017,819,Federal Shuttle Broncos-FED
7700830,BR38,9/2/2017,9/9/2017,BR38,BR38
7700826,BR44,8/27/2017,8/28/2017,809,Nine Mile Station Broncos-NINE
7700826,BR44,9/2/2017,9/9/2017,BR44,BR44
7700772,BR48,8/27/2017,8/28/2017,811,Pinery/Parker Broncos-PNRY
7700772,BR48,9/2/2017,9/9/2017,BR48,BR48
7700783,BR4,8/27/2017,8/28/2017,816,Wagon Road/Thornton Broncos-WAGN
7700783,BR4,9/2/2017,9/9/2017,BR4,BR4
7700816,BR56,8/27/2017,8/28/2017,813,South High School Broncos-SOHS
7700816,BR56,9/2/2017,9/9/2017,BR56,BR56
7700788,BR60,8/27/2017,8/28/2017,814,US85 & Bridge St. Broncos-US85
7700788,BR60,9/2/2017,9/9/2017,BR60,BR60
7700811,BR64,8/27/2017,8/28/2017,817,Ward Road Broncos-WARD
7700811,BR64,9/2/2017,9/9/2017,BR64,BR64
7700778,BR6,8/27/2017,8/28/2017,815,Wadsworth-Hampden Broncos-WADS
7700778,BR6,9/2/2017,9/9/2017,BR6,BR6
7700822,BR8,8/27/2017,8/28/2017,810,Olde Town Arvada  Broncos-OLDE
7700822,BR8,9/2/2017,9/9/2017,BR8,BR8
7700781,BR98,8/27/2017,8/28/2017,823,Metro Loop Extra Broncos-BMLX
7700781,BR98,9/2/2017,9/9/2017,BR98,BR98
7700785,BR99,8/27/2017,8/28/2017,824,Northern Loop Extra Broncos-BNLX
7700785,BR99,9/2/2017,9/9/2017,BR99,BR99
7700689,LD,8/27/2017,8/28/2017,366,Longmont / Denver
7700689,LD,9/5/2017,1/1/2036,366,Longmont / Denver
7700690,LX,8/27/2017,8/28/2017,367,Longmont I-25 Express
7700690,LX,9/5/2017,1/1/2036,367,Longmont I-25 Express
7700923,RM10,8/27/2017,8/28/2017,707,CU-CSU Boulder/Broomfield (BLDR)
7700923,RM10,9/2/2017,1/1/2036,RM10,RM10
7700977,RM12,8/27/2017,8/28/2017,710,CU-CSU US36 & Sheridan (SHER)
7700977,RM12,9/2/2017,1/1/2036,RM12,RM12
7700931,RM20,8/27/2017,8/28/2017,708,CU-CSU Longmont (LGMT)
7700931,RM20,9/2/2017,1/1/2036,RM20,RM20
7700989,RM24,8/27/2017,8/28/2017,808,CU-CSU Alameda/Havana (ALAM)
7700989,RM24,9/2/2017,1/1/2036,RM24,RM24
7700927,RM38,8/27/2017,8/28/2017,711,CU-CSU Federal Shuttle  (FED)
7700927,RM38,9/2/2017,1/1/2036,RM38,RM38
7700969,RM44,8/27/2017,8/28/2017,704,CU-CSU Nine Mile Station
7700969,RM44,9/2/2017,1/1/2036,RM44,RM44
7700936,RM4,8/27/2017,8/28/2017,702,CU-CSU Wagon Road/Thornton (WAGN)
7700936,RM4,9/2/2017,1/1/2036,RM4,RM4
7700981,RM64,8/27/2017,8/28/2017,709,CU-CSU Ward Road (WARD)
7700981,RM64,9/2/2017,1/1/2036,RM64,RM64
7700961,RM6,8/27/2017,8/28/2017,701,CU-CSU Wadsworth-Hampden (WADS)
7700961,RM6,9/2/2017,1/1/2036,RM6,RM6
7700985,RM8,8/27/2017,8/28/2017,705,CU-CSU Olde Town Arvada (OLDE)
7700985,RM8,9/2/2017,1/1/2036,RM8,RM8
1105308,ALAM,9/17/2016,1/1/2036,806,Alameda/Havana BroncosRide
1000563,EHS,9/17/2016,1/1/2036,804,East High School BroncosRide
1000573,FED,9/17/2016,10/22/2016,819,Federal Shuttle BroncosRide
6883154,Q115,1/1/1970,1/1/2036,919,DUS-Central Park Express
6883155,Q116,1/1/1970,1/1/2036,924,DUS-Central Park - all stop
7700945,RM98,8/27/2017,8/28/2017,926,CU-CSU Metro Loop Extra
7700945,RM98,9/2/2017,1/1/2036,RM98,RM98
7700925,RM99,8/27/2017,8/28/2017,927,CU-CSU Northern Loop Extra
7700925,RM99,9/2/2017,1/1/2036,RM99,RM99
1000554,SHOP,8/27/2017,8/28/2017,496,Shopper''''s Special
1000554,SHOP,9/5/2017,12/17/2017,496,Shopper''''s Special
7700923,RM10,8/28/2017,8/29/2017,707,CU-CSU Boulder/Broomfield (BLDR)
7700977,RM12,8/28/2017,8/29/2017,710,CU-CSU US36 & Sheridan (SHER)
7700931,RM20,8/28/2017,8/29/2017,708,CU-CSU Longmont (LGMT)
7700989,RM24,8/28/2017,8/29/2017,808,CU-CSU Alameda/Havana (ALAM)
7700927,RM38,8/28/2017,8/29/2017,711,CU-CSU Federal Shuttle  (FED)
7700969,RM44,8/28/2017,8/29/2017,704,CU-CSU Nine Mile Station
7700936,RM4,8/28/2017,8/29/2017,702,CU-CSU Wagon Road/Thornton (WAGN)
7700981,RM64,8/28/2017,8/29/2017,709,CU-CSU Ward Road (WARD)
7700961,RM6,8/28/2017,8/29/2017,701,CU-CSU Wadsworth-Hampden (WADS)
7700985,RM8,8/28/2017,8/29/2017,705,CU-CSU Olde Town Arvada (OLDE)
7700945,RM98,8/28/2017,8/29/2017,926,CU-CSU Metro Loop Extra
7700925,RM99,8/28/2017,8/29/2017,927,CU-CSU Northern Loop Extra
1000554,SHOP,8/28/2017,8/29/2017,496,Shopper''''s Special
1000570,169L,8/28/2017,8/29/2017,669,Buckley / Denver Airport
206,206,8/28/2017,8/29/2017,206,Boulder Junction/ Fairview H.S.
209,209,8/28/2017,8/29/2017,209,CU / Mohawk Dr
1000508,AB,8/28/2017,8/29/2017,357,Boulder / Demver Airport
1000513,AT,8/28/2017,8/29/2017,521,Arapahoe County / Denver Airport
7700843,BR10,8/28/2017,8/29/2017,821,Boulder/Broomfield Broncos-BLDR
7700776,BR12,8/28/2017,8/29/2017,818,US36 & Sheridan Broncos-SHER
7700805,BR20,8/28/2017,8/29/2017,822,Longmont Broncos-LGMT
7700774,BR26,8/28/2017,8/29/2017,803,Dry Creek/University Broncos-DRCK
7700791,BR32,8/28/2017,8/29/2017,805,Evergreen/El Rancho Broncos-EVGN
7700830,BR38,8/28/2017,8/29/2017,819,Federal Shuttle Broncos-FED
7700826,BR44,8/28/2017,8/29/2017,809,Nine Mile Station Broncos-NINE
7700772,BR48,8/28/2017,8/29/2017,811,Pinery/Parker Broncos-PNRY
7700783,BR4,8/28/2017,8/29/2017,816,Wagon Road/Thornton Broncos-WAGN
7700816,BR56,8/28/2017,8/29/2017,813,South High School Broncos-SOHS
7700788,BR60,8/28/2017,8/29/2017,814,US85 & Bridge St. Broncos-US85
7700811,BR64,8/28/2017,8/29/2017,817,Ward Road Broncos-WARD
7700778,BR6,8/28/2017,8/29/2017,815,Wadsworth-Hampden Broncos-WADS
7700822,BR8,8/28/2017,8/29/2017,810,Olde Town Arvada  Broncos-OLDE
7700781,BR98,8/28/2017,8/29/2017,823,Metro Loop Extra Broncos-BMLX
7700785,BR99,8/28/2017,8/29/2017,824,Northern Loop Extra Broncos-BNLX
7700689,LD,8/28/2017,8/29/2017,366,Longmont / Denver
7700690,LX,8/28/2017,8/29/2017,367,Longmont I-25 Express
1000570,169L,8/29/2017,8/30/2017,669,Buckley / Denver Airport
206,206,8/29/2017,8/30/2017,206,Boulder Junction/ Fairview H.S.
209,209,8/29/2017,8/30/2017,209,CU / Mohawk Dr
1000508,AB,8/29/2017,8/30/2017,357,Boulder / Demver Airport
1000513,AT,8/29/2017,8/30/2017,521,Arapahoe County / Denver Airport
7700843,BR10,8/29/2017,8/30/2017,821,Boulder/Broomfield Broncos-BLDR
7700776,BR12,8/29/2017,8/30/2017,818,US36 & Sheridan Broncos-SHER
7700805,BR20,8/29/2017,8/30/2017,822,Longmont Broncos-LGMT
7700774,BR26,8/29/2017,8/30/2017,803,Dry Creek/University Broncos-DRCK
7700791,BR32,8/29/2017,8/30/2017,805,Evergreen/El Rancho Broncos-EVGN
7700830,BR38,8/29/2017,8/30/2017,819,Federal Shuttle Broncos-FED
7700826,BR44,8/29/2017,8/30/2017,809,Nine Mile Station Broncos-NINE
7700772,BR48,8/29/2017,8/30/2017,811,Pinery/Parker Broncos-PNRY
7700783,BR4,8/29/2017,8/30/2017,816,Wagon Road/Thornton Broncos-WAGN
7700816,BR56,8/29/2017,8/30/2017,813,South High School Broncos-SOHS
7700788,BR60,8/29/2017,8/30/2017,814,US85 & Bridge St. Broncos-US85
7700811,BR64,8/29/2017,8/30/2017,817,Ward Road Broncos-WARD
7700778,BR6,8/29/2017,8/30/2017,815,Wadsworth-Hampden Broncos-WADS
7700822,BR8,8/29/2017,8/30/2017,810,Olde Town Arvada  Broncos-OLDE
7700781,BR98,8/29/2017,8/30/2017,823,Metro Loop Extra Broncos-BMLX
7700785,BR99,8/29/2017,8/30/2017,824,Northern Loop Extra Broncos-BNLX
7700689,LD,8/29/2017,8/30/2017,366,Longmont / Denver
7700690,LX,8/29/2017,8/30/2017,367,Longmont I-25 Express
7700923,RM10,8/29/2017,8/30/2017,707,CU-CSU Boulder/Broomfield (BLDR)
7700977,RM12,8/29/2017,8/30/2017,710,CU-CSU US36 & Sheridan (SHER)
7700931,RM20,8/29/2017,8/30/2017,708,CU-CSU Longmont (LGMT)
7700989,RM24,8/29/2017,8/30/2017,808,CU-CSU Alameda/Havana (ALAM)
7700927,RM38,8/29/2017,8/30/2017,711,CU-CSU Federal Shuttle  (FED)
7700969,RM44,8/29/2017,8/30/2017,704,CU-CSU Nine Mile Station
7700936,RM4,8/29/2017,8/30/2017,702,CU-CSU Wagon Road/Thornton (WAGN)
7700981,RM64,8/29/2017,8/30/2017,709,CU-CSU Ward Road (WARD)
7700961,RM6,8/29/2017,8/30/2017,701,CU-CSU Wadsworth-Hampden (WADS)
7700985,RM8,8/29/2017,8/30/2017,705,CU-CSU Olde Town Arvada (OLDE)
7700945,RM98,8/29/2017,8/30/2017,926,CU-CSU Metro Loop Extra
7700925,RM99,8/29/2017,8/30/2017,927,CU-CSU Northern Loop Extra
1000554,SHOP,8/29/2017,8/30/2017,496,Shopper''''s Special
7700923,RM10,8/30/2017,8/31/2017,707,CU-CSU Boulder/Broomfield (BLDR)
7700977,RM12,8/30/2017,8/31/2017,710,CU-CSU US36 & Sheridan (SHER)
7700931,RM20,8/30/2017,8/31/2017,708,CU-CSU Longmont (LGMT)
7700989,RM24,8/30/2017,8/31/2017,808,CU-CSU Alameda/Havana (ALAM)
7700927,RM38,8/30/2017,8/31/2017,711,CU-CSU Federal Shuttle  (FED)
7700969,RM44,8/30/2017,8/31/2017,704,CU-CSU Nine Mile Station
7700936,RM4,8/30/2017,8/31/2017,702,CU-CSU Wagon Road/Thornton (WAGN)
7700981,RM64,8/30/2017,8/31/2017,709,CU-CSU Ward Road (WARD)
7700961,RM6,8/30/2017,8/31/2017,701,CU-CSU Wadsworth-Hampden (WADS)
7700985,RM8,8/30/2017,8/31/2017,705,CU-CSU Olde Town Arvada (OLDE)
7700945,RM98,8/30/2017,8/31/2017,926,CU-CSU Metro Loop Extra
7700925,RM99,8/30/2017,8/31/2017,927,CU-CSU Northern Loop Extra
1000554,SHOP,8/30/2017,8/31/2017,496,Shopper''''s Special
1000570,169L,8/30/2017,8/31/2017,669,Buckley / Denver Airport
206,206,8/30/2017,8/31/2017,206,Boulder Junction/ Fairview H.S.
209,209,8/30/2017,8/31/2017,209,CU / Mohawk Dr
1000508,AB,8/30/2017,8/31/2017,357,Boulder / Demver Airport
1000513,AT,8/30/2017,8/31/2017,521,Arapahoe County / Denver Airport
7700843,BR10,8/30/2017,8/31/2017,821,Boulder/Broomfield Broncos-BLDR
7700776,BR12,8/30/2017,8/31/2017,818,US36 & Sheridan Broncos-SHER
7700805,BR20,8/30/2017,8/31/2017,822,Longmont Broncos-LGMT
7700774,BR26,8/30/2017,8/31/2017,803,Dry Creek/University Broncos-DRCK
7700791,BR32,8/30/2017,8/31/2017,805,Evergreen/El Rancho Broncos-EVGN
7700830,BR38,8/30/2017,8/31/2017,819,Federal Shuttle Broncos-FED
7700826,BR44,8/30/2017,8/31/2017,809,Nine Mile Station Broncos-NINE
7700772,BR48,8/30/2017,8/31/2017,811,Pinery/Parker Broncos-PNRY
7700783,BR4,8/30/2017,8/31/2017,816,Wagon Road/Thornton Broncos-WAGN
7700816,BR56,8/30/2017,8/31/2017,813,South High School Broncos-SOHS
7700788,BR60,8/30/2017,8/31/2017,814,US85 & Bridge St. Broncos-US85
7700811,BR64,8/30/2017,8/31/2017,817,Ward Road Broncos-WARD
7700778,BR6,8/30/2017,8/31/2017,815,Wadsworth-Hampden Broncos-WADS
7700822,BR8,8/30/2017,8/31/2017,810,Olde Town Arvada  Broncos-OLDE
7700781,BR98,8/30/2017,8/31/2017,823,Metro Loop Extra Broncos-BMLX
7700785,BR99,8/30/2017,8/31/2017,824,Northern Loop Extra Broncos-BNLX
7700689,LD,8/30/2017,8/31/2017,366,Longmont / Denver
7700690,LX,8/30/2017,8/31/2017,367,Longmont I-25 Express
1000570,169L,8/31/2017,9/1/2017,669,Buckley / Denver Airport
206,206,8/31/2017,9/1/2017,206,Boulder Junction/ Fairview H.S.
209,209,8/31/2017,9/1/2017,209,CU / Mohawk Dr
1000508,AB,8/31/2017,9/1/2017,357,Boulder / Demver Airport
1000513,AT,8/31/2017,9/1/2017,521,Arapahoe County / Denver Airport
7700843,BR10,8/31/2017,9/1/2017,821,Boulder/Broomfield Broncos-BLDR
7700776,BR12,8/31/2017,9/1/2017,818,US36 & Sheridan Broncos-SHER
7700805,BR20,8/31/2017,9/1/2017,822,Longmont Broncos-LGMT
7700774,BR26,8/31/2017,9/1/2017,803,Dry Creek/University Broncos-DRCK
7700791,BR32,8/31/2017,9/1/2017,805,Evergreen/El Rancho Broncos-EVGN
7700830,BR38,8/31/2017,9/1/2017,819,Federal Shuttle Broncos-FED
7700826,BR44,8/31/2017,9/1/2017,809,Nine Mile Station Broncos-NINE
7700772,BR48,8/31/2017,9/1/2017,811,Pinery/Parker Broncos-PNRY
7700783,BR4,8/31/2017,9/1/2017,816,Wagon Road/Thornton Broncos-WAGN
7700816,BR56,8/31/2017,9/1/2017,813,South High School Broncos-SOHS
7700788,BR60,8/31/2017,9/1/2017,814,US85 & Bridge St. Broncos-US85
7700811,BR64,8/31/2017,9/1/2017,817,Ward Road Broncos-WARD
7700778,BR6,8/31/2017,9/1/2017,815,Wadsworth-Hampden Broncos-WADS
7700822,BR8,8/31/2017,9/1/2017,810,Olde Town Arvada  Broncos-OLDE
7700781,BR98,8/31/2017,9/1/2017,823,Metro Loop Extra Broncos-BMLX
7700785,BR99,8/31/2017,9/1/2017,824,Northern Loop Extra Broncos-BNLX
7700689,LD,8/31/2017,9/1/2017,366,Longmont / Denver
7700690,LX,8/31/2017,9/1/2017,367,Longmont I-25 Express
7700923,RM10,8/31/2017,9/1/2017,707,CU-CSU Boulder/Broomfield (BLDR)
7700977,RM12,8/31/2017,9/1/2017,710,CU-CSU US36 & Sheridan (SHER)
7700931,RM20,8/31/2017,9/1/2017,708,CU-CSU Longmont (LGMT)
7700989,RM24,8/31/2017,9/1/2017,808,CU-CSU Alameda/Havana (ALAM)
7700927,RM38,8/31/2017,9/1/2017,711,CU-CSU Federal Shuttle  (FED)
7700969,RM44,8/31/2017,9/1/2017,704,CU-CSU Nine Mile Station
7700936,RM4,8/31/2017,9/1/2017,702,CU-CSU Wagon Road/Thornton (WAGN)
7700981,RM64,8/31/2017,9/1/2017,709,CU-CSU Ward Road (WARD)
7700961,RM6,8/31/2017,9/1/2017,701,CU-CSU Wadsworth-Hampden (WADS)
7700985,RM8,8/31/2017,9/1/2017,705,CU-CSU Olde Town Arvada (OLDE)
7700945,RM98,8/31/2017,9/1/2017,926,CU-CSU Metro Loop Extra
7700925,RM99,8/31/2017,9/1/2017,927,CU-CSU Northern Loop Extra
1000554,SHOP,8/31/2017,9/1/2017,496,Shopper''''s Special
7700923,RM10,9/1/2017,9/2/2017,707,CU-CSU Boulder/Broomfield (BLDR)
7700977,RM12,9/1/2017,9/2/2017,710,CU-CSU US36 & Sheridan (SHER)
7700931,RM20,9/1/2017,9/2/2017,708,CU-CSU Longmont (LGMT)
7700989,RM24,9/1/2017,9/2/2017,808,CU-CSU Alameda/Havana (ALAM)
7700927,RM38,9/1/2017,9/2/2017,711,CU-CSU Federal Shuttle  (FED)
7700969,RM44,9/1/2017,9/2/2017,704,CU-CSU Nine Mile Station
7700936,RM4,9/1/2017,9/2/2017,702,CU-CSU Wagon Road/Thornton (WAGN)
7700981,RM64,9/1/2017,9/2/2017,709,CU-CSU Ward Road (WARD)
7700961,RM6,9/1/2017,9/2/2017,701,CU-CSU Wadsworth-Hampden (WADS)
7700985,RM8,9/1/2017,9/2/2017,705,CU-CSU Olde Town Arvada (OLDE)
7700945,RM98,9/1/2017,9/2/2017,926,CU-CSU Metro Loop Extra
7700925,RM99,9/1/2017,9/2/2017,927,CU-CSU Northern Loop Extra
1000554,SHOP,9/1/2017,9/2/2017,496,Shopper''''s Special
1000570,169L,9/1/2017,9/2/2017,669,Buckley / Denver Airport
206,206,9/1/2017,9/2/2017,206,Boulder Junction/ Fairview H.S.
209,209,9/1/2017,9/2/2017,209,CU / Mohawk Dr
1000508,AB,9/1/2017,9/2/2017,357,Boulder / Demver Airport
1000513,AT,9/1/2017,9/2/2017,521,Arapahoe County / Denver Airport
7700843,BR10,9/1/2017,9/2/2017,821,Boulder/Broomfield Broncos-BLDR
7700776,BR12,9/1/2017,9/2/2017,818,US36 & Sheridan Broncos-SHER
7700805,BR20,9/1/2017,9/2/2017,822,Longmont Broncos-LGMT
7700774,BR26,9/1/2017,9/2/2017,803,Dry Creek/University Broncos-DRCK
7700791,BR32,9/1/2017,9/2/2017,805,Evergreen/El Rancho Broncos-EVGN
7700830,BR38,9/1/2017,9/2/2017,819,Federal Shuttle Broncos-FED
7700826,BR44,9/1/2017,9/2/2017,809,Nine Mile Station Broncos-NINE
7700772,BR48,9/1/2017,9/2/2017,811,Pinery/Parker Broncos-PNRY
7700783,BR4,9/1/2017,9/2/2017,816,Wagon Road/Thornton Broncos-WAGN
7700816,BR56,9/1/2017,9/2/2017,813,South High School Broncos-SOHS
7700788,BR60,9/1/2017,9/2/2017,814,US85 & Bridge St. Broncos-US85
7700811,BR64,9/1/2017,9/2/2017,817,Ward Road Broncos-WARD
7700778,BR6,9/1/2017,9/2/2017,815,Wadsworth-Hampden Broncos-WADS
7700822,BR8,9/1/2017,9/2/2017,810,Olde Town Arvada  Broncos-OLDE
7700781,BR98,9/1/2017,9/2/2017,823,Metro Loop Extra Broncos-BMLX
7700785,BR99,9/1/2017,9/2/2017,824,Northern Loop Extra Broncos-BNLX
7700689,LD,9/1/2017,9/2/2017,366,Longmont / Denver
7700690,LX,9/1/2017,9/2/2017,367,Longmont I-25 Express
1000570,169L,9/2/2017,9/3/2017,669,Buckley / Denver Airport
206,206,9/2/2017,9/3/2017,206,Boulder Junction/ Fairview H.S.
